<?xml version="1.0" encoding="utf-8"?>
<portfolio>
	<gallery id='Couple'>
		<imgage>img/portfolio/couple.png</imgage>
		<note>Cute moments with your loved one...!</note>
		<link>/projects/couple.php</link>
	</gallery>
	<gallery id='Marriage'>
		<imgage>img/portfolio/marriage.png</imgage>
		<note>Another phase of your life.</note>
		<link>/projects/marriage.php</link>
	</gallery>
	<gallery id='Candid'>
		<imgage>img/portfolio/candid.png</imgage>
		<note>Expression of your pure love</note>
		<link>/projects/candid.php</link>
	</gallery>
	<gallery id='Events'>
		<imgage>img/portfolio/events.png</imgage>
		<note>It may happen again but you never see the authentic moments</note>
		<link>/projects/events.php</link>
	</gallery>
	<gallery id='Infants &amp; Kids'>
		<imgage>img/portfolio/kinds.png</imgage>
		<note>Seems like sunrise with fresh start</note>
		<link>/projects/infants_kinds.php</link>
	</gallery>
	<gallery id='Produts'>
		<imgage>img/portfolio/products.png</imgage>
		<note>Exploring the features and new perspective of the products</note>
		<link>/projects/products.php</link>
	</gallery>
</portfolio>