<?xml version="1.0" encoding="utf-8"?>
<team>
	<member id='avi'>
		<imgage>img/team/Avi.jpg</imgage>
		<name>Avi</name>
		<role>Photographer</role>
		<headHighlight>Time to</headHighlight>
		<head>capture..</head>
		<info>Seeking your happiness and will share your memory as digital format.</info>
		<social>
			<social:facebook url="" />
			<social:twitter url="" />
			<social:skype url="" />
			<social:pinterest url="" />
		</social>
	</member>
	<member id='sathya'>
		<imgage>img/team/Deepi.jpg</imgage>
		<name>Sathya</name>
		<role>Fashion Designer</role>
		<headHighlight>Sync with</headHighlight>
		<head>real nature</head>
		<info>We never used to change the real looks and colors, we have a different vision and perspective of nature.</info>
		<social>
			<social:facebook url="" />
			<social:twitter url="" />
			<social:skype url="" />
			<social:pinterest url="" />
		</social>
	</member>
	<member id='sathiya'>
		<imgage>img/team/Sathiya.jpg</imgage>
		<name>Sathiya</name>
		<role>Photograper</role>
		<headHighlight>Chooo Cute!</headHighlight>
		<head>click..</head>
		<info>The shutter is always open to capture you, because its never happen again</info>
		<social>
			<social:facebook url="" />
			<social:twitter url="" />
			<social:skype url="" />
			<social:pinterest url="" />
		</social>
	</member>
</team>

